item_name,min_x,min_y,min_z,max_x,max_y,max_z,width,height,depth
SFI-BLBX2,-120.1428333032975,-19.5846666617708,0,330.7511665839788,316.9763332540892,0,450.89399988727627,336.56099991586,0
SFI-BLBXOG2,-106.8080029402792,-18.08648804275485,0,316.807996953817,315.086511873952,0,423.6159998940962,333.1729999167069,0
SFI-BLSBX2,-105.8040029405305,-17.69598804285221,0,315.8039969540675,314.6960118740496,0,421.607999894598,332.3919999169018,0
SFI-BLST2,-75.51800294810178,1.752011952285061,0,285.5179969616392,295.2480118789114,0,361.035999909741,293.4959999266264,0
SFI-BWBX2,-110.7725029392883,-20.47748804215723,0,320.7724969528254,317.4775118733541,0,431.5449998921137,337.95499991551134,0
SFI-CLO2,244.8324999387923,345.4879999136275,0,755.2924998111771,654.6369998363407,0,510.4599998723848,309.1489999227132,0
SFI-DORG2,288.0636110390954,342.2779999144307,0,711.7086109331842,657.8469998355384,0,423.6449998940888,315.5689999211077,0
SFI-DTS2802,-143.1958332975343,4.524916665535345,0,353.8041665782153,294.195916593118,0,496.9999998757496,289.67099992758267,0
SFI-DTS2DHT2,-63.87222220625393,32.69583332515944,0,274.1277777092459,264.6958332671596,0,337.9999999154998,231.9999999420002,0
SFI-DTS2T2,-123.7582221912829,-3.529166665784334,0,334.013777694274,300.9208332581031,0,457.77199988555685,304.4499999238874,0
SFI-DTS3002,-141.753833297895,4.69583333215939,0,352.3621665785762,292.6958332601594,0,494.11599987647116,287.999999928,0
SFI-DTSB2,167.2519444026312,110.1708888613459,0,606.0369442929357,426.7568887821997,0,438.78499989030445,316.58599992085385,0
SFI-DTSD2,-77.20183331403243,-2.097666666141673,0,287.8101665947146,299.4893332584614,0,365.01199990874704,301.58699992460305,0
SFI-DTSDXL12,-222.5000029113563,-91.99998802427696,0,432.4999969248937,389.0000118554731,0,654.99999983625,480.99999987975,0
SFI-DTSO2,-115.6442221933111,-2.713055554877132,0,325.8997776963028,299.7519443695063,0,441.54399988961393,302.46499992438345,0
SFI-DTSRTB2,-145.9723332968403,-19.39905555070605,0,356.5806665775216,316.4379443653349,0,502.5529998743619,335.83699991604095,0
SFI-DTSYS2CB2,-69.59383331593459,33.65044443603186,0,280.2021665966165,263.3884443785973,0,349.7959999125511,229.7379999425654,0
SFI-DTSYS2FO-01,-11.69074744962174,-37.54245210897607,0,223.2532524916423,308.4575478045242,0,234.94399994126402,345.9999999135003,0
SFI-DTSYS2FO-02,-11.69074744962174,-37.54245210897607,0,223.2532524916423,308.4575478045242,0,234.94399994126402,345.9999999135003,0
SFI-DTSYS2FO-03,80.88827775755557,-6.237055553996216,0,129.3672777454358,303.2759443686257,0,48.47899998788024,309.51299992262193,0
SFI-DTSYS2HO2,-71.5837222043265,32.13633332529899,0,281.8392777073182,265.2553332670198,0,353.42299991164475,233.1189999417208,0
SFI-DTSYS2RTB2,-158.7103332936557,-31.68716665874498,0,369.3186665743369,329.0788332510638,0,528.0289998679925,360.7659999098088,0
SFI-DTSYS2TB2,-148.8722221850041,-11.30416666384082,0,359.1277776879958,308.6958332561589,0,507.99999987299987,319.9999999199997,0
SFI-DTSYSA2,-48.16099998795984,87.52244442256358,0,448.2109998879473,412.7164443412656,0,496.37199987590714,325.19399991870205,0
SFI-DTSYSB2,-146.2480029304191,-4.683488046105449,0,356.2479969439569,301.6835118773029,0,502.49599987437597,306.36699992340834,0
SFI-DTSYSD2,-131.1280029341991,-3.519488046396598,0,341.1279969477369,300.5195118775937,0,472.25599988193596,304.0389999239903,0
SFI-DTSYSD3,-131.1280029341991,-3.519488046396598,0,341.1279969477369,300.5195118775937,0,472.25599988193596,304.0389999239903,0
SFI-DTSYSO2,-134.6915029333082,-0.0849880472551526,0,344.6914969468462,297.0850118784523,0,479.3829998801544,297.16999992570743,0
SFI-EECL2,-102.9184493200905,14.86013882671547,0,319.0815505744098,285.8601387589655,0,421.9999998945003,270.99999993225003,0
SFI-EECS2,-111.0402221944622,2.090944443921404,0,321.2957776974536,294.9479443707074,0,432.33599989191583,292.856999926786,0
SFI-FSOR13,-78.5237222025914,4.669333332165785,0,288.7792777055831,292.7223332601526,0,367.3029999081745,288.05299992798683,0
SFI-FSPBO2-01,2.999997032268784,-27.52898804039483,0,206.9999969812689,324.529011871591,0,203.9999999490001,352.05799991198586,0
SFI-FSPBO2-02,74.85299701430571,-25.51448804089864,0,135.146996999232,322.5145118720945,0,60.29399998492627,348.02899991299313,0
SFI-FSPBO2-03,2.999997032268784,-27.52898804039483,0,206.9999969812689,324.529011871591,0,203.9999999490001,352.05799991198586,0
SFI-FSPD2,-16.79861110691121,97.79583330888472,0,417.2013887845886,402.795833232634,0,433.9999998914998,304.9999999237493,0
SFI-FSPDO2-01,27.78149999305896,192.8854999517797,0,581.81849985455,416.7144998958222,0,554.036999861491,223.8289999440425,0
SFI-FSPDO2-02,29.62349999259919,242.2999999394261,0,579.976499855011,367.2999999081763,0,550.3529998624118,124.99999996875019,0
SFI-FSPMB2,-149.581002929586,-26.25198804071334,0,359.5809969431237,323.2520118719104,0,509.16199987270966,349.5039999126237,0
SFI-FSPRB2,-271.9476606067622,236.4118964722473,0,280.0263392552444,580.4868963862284,0,551.9739998620066,344.0749999139811,0
SFI-FSPSO2,-74.78450294828511,42.72951194204138,0,284.7844969618228,254.270511889156,0,359.5689999101079,211.54099994711464,0
SFI-FSPTB2,-167.1630029251907,-25.46698804090972,0,377.1629969387281,322.4670118721072,0,544.3259998639188,347.9339999130169,0
SFI-FSYS12,-97.20422219792125,-1.730166666233848,0,307.4597777009127,299.121833258553,0,404.66399989883394,300.85199992478687,0
SFI-FSYS3L2,-153.4670029286146,-7.107488045499462,0,363.4669969421517,304.1075118766969,0,516.9339998707662,311.21499992219634,0
SFI-FSYS3XXL,-297.5757221478285,-149.2090890925325,0,507.8312776508201,155.7959108312165,0,805.4069997986486,305.004999923749,0
SFI-FSYSM2,-34.32100295840044,57.27951193840395,0,244.3209969719388,239.7205118927938,0,278.64199993033924,182.44099995438987,0
SFI-GTL-PVROCK-01,58.30416665209041,-81.41205553520277,0,152.3041666285908,378.450944349832,0,93.99999997650039,459.8629998850348,0
SFI-GTL-PVROCK-02,58.30416665209073,-81.41205553520277,0,152.3041666285908,378.450944349832,0,93.99999997650006,459.8629998850348,0
SFI-GTL-PVROCK-03,-139.6958332984095,-37.37288422834826,0,350.3041665790907,334.764550820667,0,489.99999987750016,372.13743504901527,0
SFI-GTL-PVROCK-04,-139.6958332984095,-47.55754494329544,0,350.3041665790907,344.5964337579246,0,489.99999987750016,392.15397870122007,0
SFI-HAMT2-01,-170.6958332906592,-230.9805554978105,0,381.3041665713401,151.0194444066893,0,551.9999998619993,381.9999999044998,0
SFI-HAMT2-02,-168.6958332911593,151.0194444066893,0,379.3041665718412,528.0194443124396,0,547.9999998630005,376.9999999057503,0
SFI-HHIT2,-99.1704784399965,-2.696207549260488,0,308.355521458122,299.7167923751364,0,407.52599989811847,302.41299992439684,0
SFI-HIKCMB2,-158.9805029272417,-26.51948804065228,0,368.9804969407682,323.5195118718382,0,527.9609998680099,350.03899991249045,0
SFI-HIKCSB2,-154.1177221836931,-37.98055554606005,0,364.3732776866847,335.0194443606895,0,518.4909998703778,372.9999999067495,0
SFI-HIKCT-01,-168.9622221799819,7.924833331352596,0,379.2177776829736,289.4668332609665,0,548.1799998629555,281.5419999296139,0
SFI-HIKCT-02,-166.586002925335,-53.11198803399845,0,376.5859969388718,350.1120118651956,0,543.1719998642068,403.22399989919404,0
SFI-HL2,-404.6236110099549,-107.5236110842298,0,557.3763887495444,209.4763888365197,0,961.9999997594994,316.9999999207495,0
SFI-HLWRHC2,-404.6236110099549,-107.5236110842298,0,557.3763887495444,209.4763888365197,0,961.9999997594994,316.9999999207495,0
SFI-HPHC2,-62.19583331882596,21.10763994323977,0,272.8041665974242,276.1076398794898,0,334.9999999162502,254.99999993625002,0
SFI-HSKBOTC2,-159.8722221822542,-30.66516665900015,0,370.1277776852459,328.0568332513192,0,529.9999998675002,358.7219999103193,0
SFI-HSKCLO2,-180.9541666214284,-8.058333331318442,0,300.5458332581969,259.9416666016816,0,481.4999998796253,267.9999999330001,0
SFI-HSKCO-01,-186.7041666199907,-11.38194444159881,0,306.2958332567595,263.6180554896509,0,492.9999998767502,274.9999999312497,0
SFI-HSKCO-02,-147.0804659931727,17.44762927184153,0,357.688799273854,279.5912595427877,0,504.7692652670267,262.1436302709462,0
SFI-HSKD2,-163.3805555147104,-3.881944443473917,0,282.6194443737896,256.118055491526,0,445.9999998885,259.9999999349999,0
SFI-HSKT-01,-139.6958332984095,31.21194443664121,0,350.3041665790907,265.826944377988,0,489.99999987750016,234.6149999413468,0
SFI-HSKT-02,-181.6282491106237,-5.381254427074904,0,308.3717507668762,257.651745507167,0,489.9999998774999,263.0329999342419,0
SFI-HSKTB2,-182.7041666209907,-10.57444444180058,0,302.2958332577591,262.810555489853,0,484.9999998787498,273.3849999316536,0
SFI-HXL2,-516.4191665375624,-74.69583331465952,0,813.8108331298811,285.3041665953408,0,1330.2299996674435,359.9999999100003,0
SFI-HXLWRHC2,-559.810833193381,-31.30416665884077,0,770.4191664740624,328.6958332511589,0,1330.2299996674433,359.99999990999964,0
SFI-JCBSSV22,-150.2294821469587,-286.6040175675092,0,364.7705426469801,3.395959810891461,0,515.0000247939388,289.9999773784006,0
SFI-JCBSSV2TB2,-67.52497664978561,92.20399386583811,0,467.5250232164519,407.7959937869399,0,535.0499998662375,315.5919999211018,0
SFI-JCBSSV2TC2,-65.27647665034746,79.040493869129,0,465.2765232170144,420.9594937836491,0,530.5529998673619,341.9189999145201,0
SFI-JCBSSV2TO2,-150.2294821469587,-286.6040175675092,0,364.7705426469801,3.395959810891461,0,515.0000247939388,289.9999773784006,0
SFI-KMBCBFW-01,-21.00000296173667,-24.88248804106138,0,230.9999969752635,321.8825118722473,0,251.99999993700018,346.76499991330866,0
SFI-KMBCBFW-02,-21.00000296173667,-24.88248804106138,0,230.9999969752635,321.8825118722473,0,251.99999993700018,346.76499991330866,0
SFI-KMBCBHW2,-22.50550296136025,-22.02898804177461,0,232.5054969748868,319.0290118729608,0,255.01099993624706,341.0579999147354,0
SFI-KMBMRB-01,-148.0000029299866,-0.6849880471107915,0,357.9999969435135,297.685011878297,0,505.9999998735001,298.3699999254078,0
SFI-KMBMRB-02,-148.0000029299866,-20.68498804211074,0,357.9999969435135,317.685011873297,0,505.9999998735001,338.36999991540773,0
SFI-KMBMTB2,-145.0000029307367,-27.99998804028188,0,354.9999969442635,325.0000118714681,0,499.9999998750002,352.99999991174997,0
SFI-KMBSDT3-01,30.30416665909068,-16.48055555143576,0,180.3041666215909,313.5194443660647,0,149.99999996250023,329.9999999175005,0
SFI-KMBSDT3-02,30.30416665909068,-16.48055555143576,0,180.3041666215909,313.5194443660647,0,149.99999996250023,329.9999999175005,0
SFI-KMBSDT3-03,-106.8722221955044,-16.4830555514348,0,317.1277776984958,313.5219443660643,0,423.9999998940002,330.0049999174991,0
SFI-KMBSTB2,-154.0000029284866,-30.61298803962864,0,363.9999969420134,327.6130118708148,0,517.9999998705,358.2259999104434,0
SFI-KTRSNR2DT2,-84.69583331215948,2.769444443752336,0,295.3041665928404,294.2694443708772,0,379.99999990499987,291.49999992712486,0
SFI-KTRSNRFO-01,-14.3364178796373,-14.86787504886611,0,224.1635820607377,311.1321248696339,0,238.499999940375,325.9999999185,0
SFI-KTRSNRFO-02,-14.3364178796373,-14.86787504886611,0,224.1635820607377,311.1321248696339,0,238.499999940375,325.9999999185,0
SFI-KTRSNRHO2,-13.87222221875374,-14.80416666296599,0,224.1277777217464,312.1958332552841,0,237.99999994050015,326.99999991825007,0
SFI-KTRSNRMC2,-133.3722221888791,-3.480555554685507,0,343.6277776918708,300.5194443693147,0,476.9999998807499,303.99999992400024,0
SFI-KTRSNRTB2,-135.8722221882542,-10.9805555528104,0,346.1277776912456,308.0194443674399,0,481.9999998794998,318.99999992025033,0
SFI-KTRSNRTC2,-67.58911109421362,14.97588888514508,0,420.3668887837969,337.8018888044389,0,487.9559998780105,322.8259999192938,0
SFI-MC1DTC2,-115.1368055267714,-26.09722221569816,0,324.8631943632287,318.902777698052,0,439.9999998900001,344.9999999137501,0
SFI-MCLOR2,0,0,0,0,0,0,0,0,0
SFI-MFC12,-118.9140029372528,-22.71198804159831,0,328.91399695079,319.7120118727954,0,447.8279998880428,342.42399991439373,0
SFI-MM145L2,-138.6918426570721,2.998468975634248,0,348.9551572210158,294.0374689028747,0,487.64699987808785,291.03899992724047,0
SFI-MMBX2,-89.63846386031814,10.46923548649709,0,300.3615360421818,286.9152354173858,0,389.99999990249995,276.4459999308887,0
SFI-MMC-01,265.8208340166129,87.64027775586781,0,386.8208332366281,449.6402776653676,0,120.99999922001524,361.99999990949976,0
SFI-MMC-02,321.5000167669793,87.50001331145833,0,451.5000174842148,449.5000132209582,0,130.00000071723554,361.9999999094998,0
SFI-MMP2,0.0924999999771989,99.16133330854282,0,399.9574999000106,401.4303332329756,0,399.8649999000334,302.2689999244328,0
SFI-MMPCL2,-69.69583331590937,25.19583332703454,0,280.3041665965906,272.1958332652842,0,349.9999999125,246.99999993824966,0
SFI-MMPDL2,-79.62800294707426,-3.19598804647698,0,289.6279969606116,300.1960118776747,0,369.25599990768586,303.3919999241517,0
SFI-MMPDM2,8.871997030800822,-3.19598804647698,0,201.1279969827366,300.1960118776747,0,192.25599995193576,303.3919999241517,0
SFI-MMTDCO2,335.9499999160127,390.0950386336126,0,664.1749998339561,611.6760385782169,0,328.2249999179434,221.5809999446043,0
SFI-MMTDMO2,239.9429628236957,324.713867029915,0,743.198962697881,672.3968669429946,0,503.25599987418536,347.68299991307964,0
SFI-MMTLPMO2,240.1914573756175,327.6433148185909,0,743.447457249803,675.3263147316704,0,503.2559998741856,347.6829999130795,0
SFI-MMTLT2,266.0624877112622,341.885987692306,0,733.9374875942933,658.1139876132493,0,467.87499988303114,316.22799992094326,0
SFI-MMTLTB2,124.8734877465594,-744.8264875915708,0,875.1264875589962,-255.1734877139843,0,750.2529998124369,489.65299987758647,0
SFI-MMTMTB2,239.9429628236957,324.713867029915,0,743.198962697881,672.3968669429948,0,503.25599987418536,347.68299991307987,0
SFI-MMTRTC-01,158.5676110714692,283.4346110402521,0,841.2046109008098,716.3376109320267,0,682.6369998293407,432.9029998917746,0
SFI-MMTRTC-02,123.4801030057988,262.4077834342222,0,876.292102817596,755.6977833108988,0,752.8119998117971,493.2899998766766,0
SFI-MMTST2,269.4999877104029,381.4999876824024,0,730.4999875951526,618.4999876231528,0,460.9999998847497,236.99999994075046,0
SFI-MMTXLEXTB2,252.4430466338702,319.390049901164,0,747.4430465101206,690.2450498084501,0,494.99999987625034,370.85499990728607,0
SFI-MPC2,-107.9483333063463,-25.34505554921902,0,318.5566665870273,322.3839443638485,0,426.50499989337357,347.7289999130675,0
SFI-MPCB2,-11.41500296412767,-50.19748803472714,0,221.414996977665,347.1975118659242,0,232.82999994179266,397.3949999006513,0
SFI-MPDORG2-01,-134.2250029334251,32.82651194451651,0,344.2249969469622,264.1735118866799,0,478.4499998803873,231.34699994216336,0
SFI-MPDORG2-02,-134.2250029334254,92.44051192961354,0,344.2249969469622,204.5595119015839,0,478.4499998803876,112.11899997197037,0
SFI-MPDTB2,282.5974999293505,328.9116110288832,0,717.5274998206186,670.8606109433961,0,434.9299998912681,341.94899991451285,0
SFI-MPLB2,-159.9970029269815,-40.64298803711619,0,369.9969969405199,337.6430118683123,0,529.9939998675014,378.2859999054285,0
SFI-MPORC2,30.34549999241364,134.4998332997084,0,369.7044999075739,366.0918332418104,0,339.35899991516027,231.59199994210198,0
SFI-MPORG2-01,-9.06922221995495,-25.6815555491347,0,219.3247777229463,322.7204443637639,0,228.39399994290125,348.4019999128986,0
SFI-MPORG2-02,-9.06922221995495,-25.6815555491347,0,219.3247777229463,322.7204443637639,0,228.39399994290125,348.4019999128986,0
SFI-MPORG2-03,67.59527776087894,-11.03955555279545,0,142.6602777421124,308.0784443674253,0,75.06499998123347,319.1179999202207,0
SFI-MPORG2,-136.5880029328343,-25.70098804085106,0,346.5879969463717,322.7010118720482,0,483.17599987920596,348.4019999128992,0
SFI-MPRTC-01,-200.5179820910297,-98.13956208709376,0,529.9090177263635,417.1674377840794,0,730.4269998173932,515.3069998711732,0
SFI-MPRTC-02,-233.1111110528333,-81.72411109068005,0,585.888888742417,434.5018887802634,0,818.9999997952502,516.2259998709435,0
SFI-MPSB2,-153.5260029286,-27.65248804036257,0,363.5259969421374,324.652511871561,0,517.0519998707374,352.3049999119236,0
SFI-MPTBA2,-157.0425029277203,-34.11648803874746,0,367.0424969412587,331.1165118699443,0,524.084999868979,365.2329999086918,0
SFI-MPTC2,-149.5083332959563,-54.92516665293521,0,360.1166665766376,352.3168332452543,0,509.6249998725939,407.24199989818953,0
SFI-MPTCWB3-01,-150.2097221846697,-7.313555553726922,0,360.4652776876617,304.3524443683564,0,510.67499987233134,311.6659999220833,0
SFI-MPTCWB3-02,-149.5083332959563,-54.92516665293521,0,360.1166665766376,352.3168332452543,0,509.6249998725939,407.24199989818953,0
SFI-MPXLTB2,-79.09314348251922,2.009640741622888,0,432.0348563896986,347.5386406552403,0,511.1279998722178,345.5289999136174,0
SFI-MTC2,-161.5650029265902,-36.37748803818214,0,371.5649969401277,333.377511869379,0,533.1299998667179,369.75499990756117,0
SFI-MTCB2,-163.5580029260918,-11.94048804429129,0,373.5579969396289,308.9405118754884,0,537.1159998657207,320.8809999197797,0
SFI-MTO2,-166.0672221807054,-7.631666664759052,0,376.322777683697,305.0233332570778,0,542.3899998644024,312.65499992183686,0
SFI-NK940,-154.800222183522,-35.26666665785032,0,365.055777686514,332.6583332501688,0,519.8559998700359,367.9249999080191,0
SFI-NUPLARG-01,-121.7261666362348,107.5762777508839,0,895.3678331094915,429.7042776703518,0,1017.0939997457263,322.1279999194679,0
SFI-NUPLARG-02,-125.5224827463973,99.65151330842076,0,898.5225169975914,437.3485132239961,0,1024.0449997439887,337.69699991557536,0
SFI-NUPLARGL,-130.0209827452726,98.10201330880798,0,903.0210169964664,438.8980132236088,0,1033.041999741739,340.79599991480086,0
SFI-NUPMED-01,16.32651721814045,108.124013306302,0,756.673517033054,428.8760132261141,0,740.3469998149136,320.7519999198121,0
SFI-NUPMED-02,10.26251721965643,102.3265133077517,0,762.7375170315375,434.673513224665,0,752.4749998118812,332.3469999169133,0
SFI-NUPMEDL,6.461017220606712,98.45451330871961,0,766.5390170305873,438.5455132236972,0,760.0779998099806,340.0909999149776,0
SFI-NUPXLARG-01,229.609444387042,-386.3517221256343,0,543.6794443085246,923.6322775468698,0,314.0699999214826,1309.983999672504,0
SFI-NUPXLARG-02,218.6964443897705,-392.2401110130513,0,554.5924443057968,929.1678886565966,0,335.8959999160263,1321.4079996696478,0
SFI-NUPXLARGL,216.7039443902684,-395.1357221234383,0,556.584944305298,932.4162775446737,0,339.88099991502963,1327.5519996681119,0
SFI-OXTTC2,-135.6440029330754,19.00001194796834,0,345.6439969466026,278.0000118832182,0,481.287999879678,258.99999993524983,0
SFI-OXTTO2,-129.6958302491515,16.69585138539332,0,340.3041635298328,280.6958152069254,0,469.9999937789843,263.99996382153205,0
SFI-OXTTTC2,-134.0000029334866,12.50001194959386,0,343.9999969470135,284.5000118815936,0,477.9999998805001,271.99999993199975,0
SFI-P0340-01,-122.3722222195712,-79.47205553568739,0,332.6277776666787,376.5109443503166,0,454.9999998862499,455.982999886004,0
SFI-P0340-02,-126.74565982548,-380.5447358490423,0,337.6853400584121,83.88626403484982,0,464.4309998838921,464.4309998838921,0
SFI-P0350-01,-147.0000029302314,-103.4999880214016,0,356.9999969437688,400.5000118525983,0,503.9999998740002,503.99999987399985,0
SFI-P0350-02,-157.0000029277314,-113.4999880189012,0,366.9999969412685,410.5000118500987,0,523.9999998689999,523.9999998689999,0
SFI-P0370-01,-194.5000029183565,-150.9999880095264,0,404.4999969318936,448.0000118407235,0,598.9999998502501,598.9999998502499,0
SFI-P0370-02,-203.0000029162312,-159.4999880074017,0,412.9999969297689,456.5000118385984,0,615.999999846,615.9999998460002,0
SFI-P1050-01,13.1487956530767,81.27665872403907,0,194.3177956077848,194.0566586958438,0,181.1689999547081,112.77999997180473,0
SFI-P1060-01,-8.105502964954866,86.1305119311909,0,218.1054969784926,210.8695119000062,0,226.21099994344746,124.73899996881529,0
SFI-P11201,6.804166664965562,82.01944442393965,0,203.804166615716,215.0194443906899,0,196.99999995075046,132.99999996675024,0
SFI-P11202,6.804166664965562,82.01944442393965,0,203.804166615716,215.0194443906899,0,196.99999995075046,132.99999996675024,0
SFI-P11501,-5.823833331877365,69.24994442713256,0,216.4321666125586,227.7889443874969,0,222.25599994443596,158.53899996036435,0
SFI-P11502-02,-7.725222220290755,67.5194444275644,0,217.9807777232825,229.5194443870648,0,225.70599994357326,161.9999999595004,0
SFI-P1200-01,105.9889985846138,56.42351248589456,0,354.0109985226087,248.5765124378561,0,248.0219999379949,192.15299995196153,0
SFI-P1200-02,105.0937492792821,56.03820068043494,0,355.0937492167818,249.0382006321847,0,249.99999993749972,192.99999995174977,0
SFI-P1400-01,-51.12800295419933,29.05451194545964,0,261.1279969677364,267.9455118857372,0,312.25599992193577,238.89099994027754,0
SFI-P1400-02,-47.66884711090278,27.23843893819282,0,268.3311528100972,269.238438877693,0,315.999999921,241.99999993950019,0
SFI-P1450-01,-87.32383331150243,11.99444444144647,0,297.932166592184,285.0444443731833,0,385.2559999036864,273.0499999317368,0
SFI-P1450-02,-89.17622219992793,9.877777775305766,0,299.4317777029196,287.5138888170104,0,388.6079999028475,277.6361110417046,0
SFI-P1450-03,-97.01388886463512,9.17222221992981,0,307.6222221453167,287.8666665947,0,404.63611100995183,278.69444437477017,0
SFI-P1485-01,115.7046666377407,211.5312777248948,0,590.2036665191159,494.0242776542715,0,474.4989998813752,282.49299992937665,0
SFI-P1485-02,114.9546666379282,210.2812777252077,0,590.9536665189283,495.2742776539595,0,475.99899988100015,284.9929999287518,0
SFI-P1500-01,-114.5855029383338,0.3925119526260778,0,324.5854969518738,296.6075118785724,0,439.17099989020755,296.2149999259463,0
SFI-P1500-02,-117.0000029377312,-2.299988046701492,0,326.9999969512686,299.3000118778986,0,443.9999998889998,301.5999999246001,0
SFI-P1507-01,-98.00000294248134,-6.499988045651179,0,307.9999969560184,303.5000118768486,0,405.9999998984997,309.9999999224998,0
SFI-P1507-02,-99.70050294205616,-9.616988044871487,0,309.7004969555936,306.6170118760702,0,409.4009998976498,316.2339999209417,0
SFI-P1507-03,-99.70050294205616,-9.616988044871487,0,309.7004969555936,306.6170118760702,0,409.4009998976498,316.2339999209417,0
SFI-P1510FP2-01,-154.5000029283563,2.230511952166037,0,364.4999969418937,294.7695118790311,0,518.99999987025,292.5389999268651,0
SFI-P1510FP2-02,-156.5000029278562,1.19527233054e-05,0,366.4999969413939,297.0000118784735,0,522.9999998692501,296.9999999257502,0
SFI-P1520-01,-133.0000029337311,-21.99998804177619,0,342.9999969472688,319.0000118729736,0,475.9999998809999,340.99999991474976,0
SFI-P1520-02,-135.0000029332313,-25.64998804086398,0,344.999996946769,322.6500118720611,0,479.99999988000025,348.2999999129251,0
SFI-P1525-01,-167.5000029251063,-6.9959880455274,0,377.499996938644,303.9960118767246,0,544.9999998637503,310.991999922252,0
SFI-P1525-02,-169.4362324049359,-9.486271798596713,0,379.5637674578141,306.505728122405,0,548.99999986275,315.9919999210017,0
SFI-P1535-01,-42.00000137838898,3.254012499186409,0,501.9999984856111,301.7460124245636,0,543.9999998640001,298.49199992537723,0
SFI-P1535-02,-38.00000137938893,1.00401249974894,0,497.9999984866114,303.9960124240007,0,535.9999998660003,302.99199992425173,0
SFI-P1550-01,-142.0875029314594,-339.181011867928,0,352.0874969449968,42.18098803673122,0,494.17499987645624,381.3619999046592,0
SFI-P1550-02,-142.4458332977218,-43.73055554462331,0,353.0541665784028,340.7694443592522,0,495.49999987612466,384.4999999038755,0
SFI-P1555-01,-199.0000029172311,-25.49998804090135,0,408.9999969307686,322.5000118720985,0,607.9999998479997,347.9999999129999,0
SFI-P1555-02,-201.0000029167314,-28.49998804015131,0,410.9999969302688,325.5000118713484,0,611.9999998470003,353.99999991149974,0
SFI-P1556-01,-180.1943332882846,1.447333332971446,0,390.8026665689659,295.9443332593473,0,570.9969998572506,294.49699992637585,0
SFI-P1556-02,-180.1953332882844,1.447333332971446,0,390.8036665689656,295.944333259347,0,570.9989998572499,294.49699992637557,0
SFI-P1556-03,-183.0000029212312,-2.999988046526654,0,392.999996934769,300.0000118777231,0,575.9999998560002,302.9999999242498,0
SFI-P1560-01,-153.5000029286062,-47.28398803545558,0,363.499996942144,344.2840118666524,0,516.9999998707501,391.567999902108,0
SFI-P1560-02,-158.3040029274054,-51.58298803438082,0,368.3039969409425,348.5830118655779,0,526.6079998683479,400.1659998999587,0
SFI-P1595-01,-231.6958332754095,-52.55416665352776,0,442.3041665560903,349.9458332458469,0,673.9999998314998,402.4999998993747,0
SFI-P1595-02,-233.750002908544,-56.24998803321408,0,443.749996922081,353.2500118644112,0,677.499999830625,409.4999998976253,0
SFI-P1595-03,-233.750002908544,-56.24998803321408,0,443.749996922081,353.2500118644112,0,677.499999830625,409.4999998976253,0
SFI-P1600-01,-183.0000029212312,-369.0000118604741,0,392.9999969347684,71.99998802927637,0,575.9999998559996,440.9999998897505,0
SFI-P1600-02,-182.0000029214812,-372.0000118597234,0,391.9999969350192,74.99998802852633,0,573.9999998565004,446.9999998882497,0
SFI-P1605-01,-237.2500029076685,-40.99998803702635,0,447.2499969212062,338.0000118682238,0,684.4999998288747,378.99999990525015,0
SFI-P1605-02,-238.6958332736595,-45.48055554418558,0,449.3041665543407,342.5194443588148,0,687.9999998280002,387.99999990300034,0
SFI-P1607-01,-172.0360029239724,-62.49798803165307,0,382.0359969375098,359.4980118628479,0,554.0719998614823,421.9959998945009,0
SFI-P1607-02,-173.3300029236489,-62.18798803173036,0,383.3299969371864,359.1880118629255,0,556.6599998608353,421.3759998946559,0
SFI-P1607-03,-178.5820029223359,-67.84248803031687,0,388.5819969358733,364.842511861512,0,567.1639998582092,432.68499989182885,0
SFI-P1607-04,-179.8350029220225,-68.73848803009301,0,389.8349969355596,365.7385118612882,0,569.6699998575821,434.4769998913812,0
SFI-P1610-01,-180.1958332882846,-73.98055553706018,0,390.8041665689659,371.0194443516897,0,570.9999998572505,444.99999988874987,0
SFI-P1610-02,-183.671802412553,-77.79912690230815,0,393.3281974431968,375.2008729844419,0,576.9999998557498,452.99999988675006,0
SFI-P1610-03,-188.0000029199811,-79.49998802740127,0,397.9999969335185,376.5000118585984,0,585.9999998534996,455.99999988599967,0
SFI-P1620-01,-188.4084477890916,-83.3628244149227,0,398.4084418026291,380.3628482461198,0,586.8168895917207,463.7256726610425,0
SFI-P1620-02,-197.5934090297249,-82.97118165380043,0,408.1045260221708,380.7544910072415,0,605.6979350518957,463.7256726610419,0
SFI-P1620-03,-197.5934090297249,-82.97118165380043,0,408.1045260221708,380.7544910072415,0,605.6979350518957,463.7256726610419,0
SFI-P1620-04,-197.7211897744521,-83.16700303436157,0,407.976745277444,380.5586696266807,0,605.6979350518961,463.72567266104227,0
SFI-P1620-05,-197.5448008856073,-83.16700303436157,0,408.1531341662888,380.5586696266804,0,605.6979350518961,463.725672661042,0
SFI-P1640-01,-212.5000029138563,-466.0000118362232,0,422.4999969273934,168.9999880050264,0,634.9999998412497,634.9999998412496,0
SFI-P1640-02,-219.5000029121064,-473.0000118344736,0,429.4999969256436,175.9999880032764,0,648.99999983775,648.99999983775,0
SFI-P1640-03,-218.3722221676291,-174.9805555118103,0,428.6277776706207,472.0194443264398,0,646.9999998382498,646.9999998382501,0
SFI-P1640-04,-219.5000029121064,-473.0000118344736,0,429.4999969256436,175.9999880032764,0,648.99999983775,648.99999983775,0
SFI-P1700G1-01,-354.0233332448276,-30.62716665900978,0,564.6316665255088,328.0188332513286,0,918.6549997703364,358.6459999103384,0
SFI-P1700G1-02,-355.7598334187291,-32.49516701961078,0,566.3681663507386,329.8868328897939,0,922.1279997694678,362.38199990940467,0
SFI-P1700G1-03,-356.8917221329994,-32.78835432550422,0,567.1472776359914,329.842645583838,0,924.0389997689908,362.6309999093422,0
SFI-P1700G2-01,-354.3275028784056,-327.8230118707597,0,564.3274968919307,30.82298803957895,0,918.6549997703362,358.6459999103386,0
SFI-P1700G2-02,-356.3325028779035,-329.5000118703424,0,566.3324968914297,32.49998803915778,0,922.6649997693332,361.99999990950016,0
SFI-P1700G2-03,-356.4355028778778,-329.5005118703433,0,566.4354968914042,32.50048803915638,0,922.870999769282,362.0009999094997,0
SFI-P1720G1-01,-372.1636665736262,-81.4137222018686,0,710.8303331556255,278.9692777080353,0,1082.9939997292518,360.3829999099039,0
SFI-P1720G1-02,-374.480666573047,-78.93472220248916,0,713.1473331550459,276.4902777086549,0,1087.6279997280928,355.424999911144,0
SFI-P1720G1-03,-373.1981665733672,-77.87022220275477,0,711.8648331553669,275.4257777089212,0,1085.0629997287342,353.29599991167595,0
SFI-PAR2975-01,-158.0000029274863,1.000011952467944,0,367.9999969410137,296.0000118787176,0,525.9999998685,294.99999992624964,0
SFI-PAR2975-02,-159.3722221823793,-1.304166666340529,0,369.6277776853707,298.6958332586596,0,528.9999998677499,299.9999999250001,0
SFI-PAR2975-03,-162.000002926487,-3.99998804628156,0,371.9999969400135,301.0000118774678,0,533.9999998665005,304.99999992374933,0
SFI-PAR2975-04,-161.8722221817541,-3.980555554560073,0,372.1277776847461,301.0194443691895,0,533.9999998665002,304.99999992374956,0
SFI-PAR3463-01,-140.0000029319869,-41.4999880369067,0,349.9999969455134,338.5000118680932,0,489.9999998775003,379.9999999049999,0
SFI-PAR3463-02,-140.0000029319869,-41.4999880369067,0,349.9999969455134,338.5000118680932,0,489.9999998775003,379.9999999049999,0
SFI-PAR3463-03,-142.6280029313298,-45.01948803602725,0,352.6279969448563,342.0195118672131,0,495.25599987618614,387.0389999032404,0
SFI-PAR3463-04,-142.6280029313298,-46.78348803558596,0,352.6279969448563,343.7835118667722,0,495.25599987618614,390.56699990235813,0
SFI-PAR5032-01,-354.9515028782475,-23.01948804152711,0,564.9514968917765,320.0195118727133,0,919.902999770024,343.0389999142404,0
SFI-PAR5032-02,-371.0000028742354,-36.49998803815719,0,580.9999968877646,333.5000118693431,0,951.999999762,369.9999999075003,0
SFI-PAR5032-03,-371.0000028742354,-36.49998803815719,0,580.9999968877646,333.5000118693431,0,951.999999762,369.9999999075003,0
SFI-PAR5584-01,-547.840002830027,-11.45598804441761,0,757.8399968435535,308.4560118756041,0,1305.6799996735804,319.9119999200217,0
SFI-PAR5584-02,-560.6280028268297,-19.69598804235753,0,770.6279968403563,316.6960118735441,0,1331.2559996671862,336.39199991590164,0
SFI-PAR5584-03,-555.1280028282048,-14.19598804373282,0,765.1279968417315,311.196011874919,0,1320.2559996699363,325.39199991865183,0
SFI-PAR8428-01,-198.9939999502515,-84.17405553451242,0,408.5439998978643,381.2129443491413,0,607.5379998481158,465.38699988365374,0
SFI-PAR8428-02,-198.769002917289,-84.19348802622812,0,408.7689969308264,381.1935118574252,0,607.5379998481154,465.38699988365335,0
SFI-PAR8428-03,-198.9939999502515,-84.19348802622812,0,408.5439998978643,381.1935118574252,0,607.5379998481158,465.38699988365335,0
SFI-PIM2500-01,-161.500002926606,-3.499988046401219,0,371.4999969401441,300.5000118775986,0,532.9999998667502,303.9999999239998,0
SFI-PIM2500-02,-163.5000029261065,-5.999988045776613,0,373.4999969396436,303.0000118769737,0,536.9999998657502,308.9999999227503,0
SFI-PIM2500-03,-164.0000029259811,-5.999988045776613,0,373.9999969395189,303.0000118769737,0,537.9999998655001,308.9999999227503,0
SFI-PiM2600-01,-156.0000029279816,-332.5000118695988,0,365.9999969415187,35.49998803840133,0,521.9999998695002,367.9999999080001,0
SFI-PiM2600-02,-158.5030029273556,-335.7835118687778,0,368.5029969408927,38.78348803758072,0,527.0059998682483,374.5669999063585,0
SFI-QB2D2,-139.8722221872543,-10.4805555529352,0,350.127777690246,307.5194443675647,0,489.9999998775003,317.9999999204999,0
SFI-QBONE2002,-163.6958332924092,-23.98055554956002,0,374.3041665730911,321.0194443641898,0,537.9999998655003,344.9999999137498,0
SFI-QBONE3502,-159.8722221822542,-18.80416666196572,0,370.1277776852459,316.1958332542845,0,529.9999998675002,334.9999999162502,0
SFI-QBONEORG2,-157.3722221828792,-16.30416666259097,0,367.6277776858711,313.6958332549091,0,524.9999998687503,329.9999999175,0
SFI-QBPC2,-87.19583331153424,29.19583332603428,0,297.8041665922158,268.1958332662845,0,384.99999990375,238.99999994025023,0
SFI-QBPD3TB2,-140.7840277425817,-9.480555553185427,0,351.2159721344182,306.5194443678149,0,491.99999987699994,315.9999999210003,0
SFI-QBPD3TB3,-140.7840277425817,-9.480555553185427,0,351.2159721344182,306.5194443678149,0,491.99999987699994,315.9999999210003,0
SFI-QBPROD1TB2,-69.87222220475417,26.01944443793952,0,280.1277777077459,271.0194443766896,0,349.9999999125001,244.99999993875008,0
SFI-QBPROD2TB2,-74.19583331478431,16.51944444031444,0,284.8041665954656,280.5194443743147,0,358.99999991024987,263.99999993400024,0
SFI-QBSP6002,-154.9999277390274,29.50004165929166,0,365.0000721309725,267.5000415997915,0,519.9999998699999,237.9999999404998,0
SFI-QBSPC2D22,-40.02497665666013,95.88049386491825,0,440.0250232233271,404.1194937878582,0,480.04999987998724,308.2389999229399,0
SFI-QBSPT2,-109.6958333059092,4.519444443314598,0,320.3041665865905,292.5194443713146,0,429.9999998924997,287.99999992799997,0
SFI-QBTC22,-92.19583331028439,9.519444442064746,0,302.804166590966,287.5194443725644,0,394.9999999012504,277.99999993049965,0
SFI-RBRCL2,-186.1958332867842,-38.80416665696567,0,396.8041665674657,336.1958332492844,0,582.9999998542498,374.9999999062501,0
SFI-RBRCM2,-88.6845029448156,-43.00598803653016,0,298.6844969583424,340.0060118677167,0,387.368999903158,383.01199990424686,0
SFI-RBRCS2,-87.82383331137733,59.69583331840972,0,298.4321665920586,237.6958332739094,0,386.2559999034359,177.99999995549967,0
SFI-RCM2,-94.37222219862905,-1.304166666340529,0,304.6277777016208,298.6958332586593,0,398.99999990024986,299.9999999249998,0
SFI-RIGPG3DB2,-106.5000029403557,-315.0000118739736,0,316.4999969538944,17.99998804277645,0,422.9999998942501,332.9999999167501,0
SFI-RIGPG3DT2,-107.5000029401058,-315.5000118738488,0,317.4999969536441,18.49998804265134,0,424.9999998937499,333.99999991650014,0
SFI-RLCSPO2,-85.14077918439423,24.89820864738558,0,295.4792207204508,271.4152085857564,0,380.61999990484503,246.5169999383708,0
SFI-RLD2,-92.50000294385634,-21.99998804177619,0,302.4999969573937,319.0000118729736,0,394.99999990125,340.99999991474976,0
SFI-RLMTB2,-161.2705029266639,-42.96248803653573,0,371.2704969402013,339.9625118677331,0,532.5409998668653,382.9249999042688,0
SFI-RLSPO2,-137.2500029326687,-42.24998803671406,0,347.2499969462065,339.2500118679109,0,484.4999998788752,381.499999904625,0
SFI-RLSTB2,-164.2785029259118,-45.1674880359846,0,374.2784969394492,342.1675118671817,0,538.556999865361,387.3349999031663,0
SFI-RLTC2,-165.0805029257111,-42.11698803674712,0,375.0804969392485,339.1170118679442,0,540.1609998649596,381.2339999046913,0
SFI-RLTSC2-01,-140.5000029318563,-11.49998804440133,0,350.4999969453937,308.5000118755985,0,490.99999987725005,319.9999999199998,0
SFI-RLTSC2-02,-167.9495029249939,-27.70598804034997,0,377.9494969385317,581.2340024088038,0,545.8989998635257,608.9399904491538,0
SFI-RTBL1DC2,-93.11111108783334,-0.934722221988289,0,445.8888887774173,354.0652776892616,0,538.9999998652506,354.9999999112499,0
SFI-RTBL4DC2,51.56527776488633,-0.934722221988289,0,301.5652777023863,354.0652776892616,0,249.99999993749998,354.9999999112499,0
SFI-RTC2,-161.5650029265902,-36.37748803818214,0,371.5649969401277,333.377511869379,0,533.1299998667179,369.75499990756117,0
SFI-RTCB2,-163.5580029260918,-11.94048804429129,0,373.5579969396289,308.9405118754884,0,537.1159998657207,320.8809999197797,0
SFI-RTO2,-166.0672221807054,-7.631666664759052,0,376.322777683697,305.0233332570778,0,542.3899998644024,312.65499992183686,0
SFI-SPT22,-89.69583331090932,13.69583332990991,0,300.3041665915906,283.6958332624095,0,389.99999990249995,269.9999999324996,0
SFI-TBST3D2,-90.00000294448127,-19.49998804240143,0,299.999996958019,316.5000118735985,0,389.99999990250024,335.9999999159999,0
SFI-TBSTCO2,-55.0095029532291,42.4545119421098,0,265.0094969667665,254.5455118890873,0,320.0189999199956,212.0909999469775,0
SFI-TBSTCTB2-01,-57.59050295258397,41.00001194247361,0,267.5904969661207,256.0000118887235,0,325.1809999187047,214.99999994624991,0
SFI-TBSTCTB2-02,-69.00000294973121,33.00001194447351,0,278.9999969632686,264.0000118867236,0,347.9999999129998,230.9999999422501,0
SFI-TBSTLTB2-01,-133.389162932755,-16.10683658511232,0,343.6108369479943,314.1161633323319,0,476.99999988074933,330.2229999174442,0
SFI-TBSTLTB2-02,-134.0000029334815,-39.46248803741056,0,343.9999969470186,336.462511868608,0,477.9999998805001,375.9249999060185,0
SFI-TBSTO2-01,-135.0000029332313,-13.23748804396708,0,344.999996946769,310.2375118751642,0,479.99999988000025,323.4749999191313,0
SFI-TBSTO2-02,-135.0000029332313,-41.49998803690156,0,344.999996946769,338.5000118680987,0,479.99999988000025,379.99999990500027,0
SFI-TBSTRTB2-01,-132.2133333002795,-23.11855554977591,0,342.8216665809611,320.1574443644051,0,475.0349998812406,343.275999914181,0
SFI-TBSTRTB2-02,-133.5175029336018,-34.13798803874169,0,343.5174969471392,331.1380118699391,0,477.034999880741,365.2759999086808,0
SFI-TBSTTB2-01,-134.5000029333564,-17.36148804293602,0,344.4999969468938,314.3615118741331,0,478.99999988025024,331.7229999170691,0
SFI-TBSTTB2-02,-136.2565029329173,-34.25698803871217,0,346.2564969464547,331.2570118699096,0,482.51299987937205,365.51399990862177,0
SFI-TBSTTC2-01,-134.3000029334061,-11.99998804427653,0,344.2999969469438,309.0000118754737,0,478.59999988034986,320.9999999197502,0
SFI-TBSTTC2-02,-133.0000029337314,-27.99998804027611,0,342.9999969472688,325.0000118714739,0,475.99999988100024,352.99999991174997,0
SFI-TT1002,-147.702502930056,10.31101195014606,0,357.7024969435931,286.6890118810514,0,505.4049998736491,276.37799993090533,0
SFI-TT2002,-149.2340029296726,9.805011950272377,0,359.2339969432103,287.1950118809247,0,508.4679998728829,277.3899999306523,0
SFI-VDSC3,-79.69583331340966,21.19583332803417,0,290.3041665940909,276.1958332642846,0,369.9999999075005,254.99999993625045,0
SFI-VSSC2,-122.7980029362816,-10.49648804465212,0,332.7979969498191,307.4965118758495,0,455.5959998861007,317.9929999205016,0
SFI-WSTBBX2,-129.5000029346066,-325.0000118714739,0,339.4999969481436,27.99998804027643,0,468.9999998827502,352.9999999117503,0
SFI-WTHSC4412,-71.69583331540925,23.51944443856477,0,282.3041665960908,273.5194443760647,0,353.9999999115,249.99999993749995,0
SFI-WTHSC8432,-136.6222221880667,-28.4805555484356,0,346.8777776910581,325.5194443630648,0,483.4999998791248,353.99999991150037,0
